<ModMetaData>
	<name>Ushankas Matrix Rimloaded</name>
	<author>Ushanka</author>
	<supportedVersions>
		<li>1.3</li>
	</supportedVersions>
	<modDependencies>
		<li>
			<packageId>brrainz.harmony</packageId>
			<displayName>Harmony</displayName>
			<steamWorkshopUrl>steam://url/CommunityFilePage/2009463077</steamWorkshopUrl>
			<downloadUrl>https://github.com/pardeike/HarmonyRimWorld/releases/latest</downloadUrl>
		</li>
		<li>
			<packageId>Ludeon.RimWorld.Royalty</packageId>
			<displayName>Royalty</displayName>
		</li>
		<li>
			<packageId>OskarPotocki.VanillaFactionsExpanded.Core</packageId>
			<displayName>Vanilla Expanded Framework</displayName>
			<steamWorkshopUrl>https://steamcommunity.com/sharedfiles/filedetails/?id=1854607105</steamWorkshopUrl>
		</li>
		<li>
			<packageId>VanillaExpanded.VPsycastsE</packageId>
			<displayName>Vanilla Psycasts Expanded</displayName>
			<steamWorkshopUrl>https://steamcommunity.com/sharedfiles/filedetails/?id=2842502659</steamWorkshopUrl>
		</li>
	</modDependencies>
	<packageId>Ushanka.MatrixRimloaded</packageId>
	<loadAfter>
		<li>Ludeon.RimWorld</li>
		<li>Ludeon.RimWorld.Royalty</li>
		<li>brrainz.harmony</li>
		<li>OskarPotocki.VanillaFactionsExpanded.Core</li>
		<li>VanillaExpanded.VPsycastsE</li>
	</loadAfter>
	<description>Matrix Rimloaded adds 1 psycast path called “Anomaly” and 8 new polished abilities with 2 or possibly 3 coming soon. It adds a new way to teach colonists skills and resurrect them.</description>
</ModMetaData>