<?xml version="1.0" encoding="UTF-8"?>
<Defs>
    
	<HediffDef ParentName="PsycastHediffBase">
		<defName>USH_Supervision</defName>
		<label>hyper-vision</label>
		<description>Psychically induced agility boost, greatly increasing movement speed.</description>
		<stages>
			<li>
				<statFactors>
					<AimingDelayFactor>0.3</AimingDelayFactor>
					<MortarMissRadiusFactor>0.1</MortarMissRadiusFactor>
					<ShootingAccuracyPawn>1.6</ShootingAccuracyPawn>
					<VEF_VerbRangeFactor>1.3</VEF_VerbRangeFactor>
				</statFactors>
				<capMods>
				<li>
					<capacity>Sight</capacity>
					<offset>1.2</offset>
				</li>
				</capMods>
			</li>
		</stages>
		<comps>
			<li Class="HediffCompProperties_Effecter">
				<stateEffecter>USH_SparksSymbol</stateEffecter>
			</li>
		</comps>
	</HediffDef>
	
	<HediffDef ParentName="PsycastHediffBase">
		<defName>USH_BulletDodge</defName>
		<label>bullet time</label>
		<description>Psychically induced agility boost, greatly increasing movement speed.</description>
		<stages>
			<li>
				<statFactors>
					<MoveSpeed>0.9</MoveSpeed>
				</statFactors>
			</li>
		</stages>
		<comps>
			<li Class="HediffCompProperties_Effecter">
				<stateEffecter>VPE_SparksWhite</stateEffecter>
			</li>
		</comps>
	</HediffDef>
	
	<HediffDef ParentName="PsycastHediffBase">
		<defName>USH_NearInvulnerability</defName>
		<label>near-invulnerability</label>
		<description>Psychically induced agility boost, greatly increasing movement speed.</description>
		<stages>
			<li>
				<statFactors>
					<MoveSpeed>0.56</MoveSpeed>
				</statFactors>
				<statOffsets>
					<ArmorRating_Sharp>1.32</ArmorRating_Sharp>
					<ArmorRating_Blunt>1.74</ArmorRating_Blunt>
				</statOffsets>
			</li>
		</stages>
		<comps>
			<li Class="HediffCompProperties_Effecter">
				<stateEffecter>USH_SparksGreen</stateEffecter>
			</li>
		</comps>
	</HediffDef>
	
	<HediffDef ParentName="PsycastHediffBase">
		<defName>USH_PowerFists</defName>
		<label>superhuman speed</label>
		<description>Placeholder.</description>
		<stages>
			<li>
			    <hungerRateFactor>4</hungerRateFactor>
				<statFactors>
					<MoveSpeed>3</MoveSpeed>
					<VEF_MeleeAttackSpeedFactor>4</VEF_MeleeAttackSpeedFactor>
					<VEF_MeleeAttackDamageFactor>0.7</VEF_MeleeAttackDamageFactor>
					<VEF_RangedCooldownFactor>0.6</VEF_RangedCooldownFactor>
				</statFactors>
				<capMods>
				<li>
					<capacity>Manipulation</capacity>
					<offset>0.3</offset>
				</li>
				<li>
					<capacity>Consciousness</capacity>
					<offset>0.3</offset>
				</li>
				</capMods>
			</li>
		</stages>
		<comps>
			<li Class="HediffCompProperties_Effecter">
				<stateEffecter>USH_SparksGreen</stateEffecter>
			</li>
		</comps>
	</HediffDef>
	

	<HediffDef ParentName="PsycastHediffBase">
		<defName>USH_BladeFocus</defName>
		<label>blade focus</label>
		<description>Psychically induced combat focus, greatly enhancing melee combat capabilities.</description>
		<stages>
			<li>
				<statFactors>
					<VEF_MeleeAttackSpeedFactor>2</VEF_MeleeAttackSpeedFactor>
				</statFactors>
			</li>
		</stages>
		<comps>
			<li Class="HediffCompProperties_Effecter">
				<stateEffecter>VPE_SparksRed</stateEffecter>
			</li>
		</comps>
	</HediffDef>

	<HediffDef ParentName="PsycastHediffBase">
		<defName>USH_FiringFocus</defName>
		<label>firing focus</label>
		<description>Psychically induced combat focus, greatly enhancing ranged combat capabilities.</description>
		<stages>
			<li>
				<statFactors>
					<VEF_RangeAttackSpeedFactor>5</VEF_RangeAttackSpeedFactor>
				</statFactors>
			</li>
		</stages>
		<comps>
			<li Class="HediffCompProperties_Effecter">
				<stateEffecter>VPE_SparksWhite</stateEffecter>
			</li>
		</comps>
	</HediffDef>

	<HediffDef ParentName="PsycastHediffBase">
		<defName>USH_AdrenalineRush</defName>
		<label>psychic rush</label>
		<description>Psychically induced adrenaline rush, increasing sight, hearing and movement capabilities.</description>
		<stages>
			<li>
				<painFactor>0</painFactor>
				<capMods>
					<li>
						<capacity>Sight</capacity>
						<postFactor>1.5</postFactor>
					</li>
					<li>
						<capacity>Hearing</capacity>
						<postFactor>1.5</postFactor>
					</li>
					<li>
						<capacity>Moving</capacity>
						<postFactor>1.5</postFactor>
					</li>
				</capMods>
			</li>
		</stages>
	</HediffDef>

	<HediffDef ParentName="PsycastHediffBase">
		<defName>USH_ControlledFrenzy</defName>
		<label>psychic frenzy</label>
		<description>Temporary, psychically induced frenzy. The energy restores itself with each consecutive kill.</description>
		<hediffClass>VFECore.Abilities.Hediff_Ability</hediffClass>
		<stages>
			<li>
				<statFactors>
					<VEF_MeleeAttackDamageFactor>2</VEF_MeleeAttackDamageFactor>
					<VEF_RangeAttackDamageFactor>2</VEF_RangeAttackDamageFactor>
				</statFactors>
			</li>
		</stages>
		<comps>
			<li Class="HediffCompProperties_Effecter">
				<stateEffecter>VPE_RedSmoke</stateEffecter>
			</li>
			<li Class="VanillaPsycastsExpanded.HediffCompProperties_PlaySound">
				<sustainer>VPE_ControlledFrenzy_Sustainer</sustainer>
			</li>
		</comps>
	</HediffDef>

	<HediffDef ParentName="PsycastHediffBase">
		<defName>USH_GuidedShot</defName>
		<label>guided shot</label>
		<description>Psychically induced insane accuracy.</description>
		<hediffClass>VFECore.Abilities.Hediff_Ability</hediffClass>
		<stages>
			<li>
				<statFactors>
					<VEF_VerbRangeFactor>2</VEF_VerbRangeFactor>
				</statFactors>
			</li>
		</stages>
		<comps>
			<li Class="VFECore.HediffCompProperties_Targeting">
				<neverMiss>true</neverMiss>
				<targetingMote>VPE_WarlordTargettingReticle</targetingMote>
				<initialTargetingMoteScale>3</initialTargetingMoteScale>
				<targetingLineTexPath>UI/Overlays/ThickLine</targetingLineTexPath>
				<targetingLineColor>(255, 0, 0)</targetingLineColor>
				<targetingLineWidth>0.05</targetingLineWidth>
			</li>
		</comps>
	</HediffDef>
</Defs>